use Projet_Web;

insert into Competence (nom_competence) values ('Communication écrite');
insert into Competence (nom_competence) values ('Communication orale');
insert into Competence (nom_competence) values ('Capacité de recherche');
insert into Competence (nom_competence) values ('Résolution de problèmes');
insert into Competence (nom_competence) values ('Esprit d''analyse');
insert into Competence (nom_competence) values ('Capacité à travailler en équipe');
insert into Competence (nom_competence) values ('Organisation');
insert into Competence (nom_competence) values ('Gestion du temps');
insert into Competence (nom_competence) values ('Adaptabilité');
insert into Competence (nom_competence) values ('Créativité');
insert into Competence (nom_competence) values ('Maîtrise des outils informatiques');
insert into Competence (nom_competence) values ('Competence en programmation');
insert into Competence (nom_competence) values ('Competence en conception graphique');
insert into Competence (nom_competence) values ('Competence en marketing digital');
insert into Competence (nom_competence) values ('Competence en gestion de projet');
insert into Competence (nom_competence) values ('Competence en gestion de base de données');
insert into Competence (nom_competence) values ('Capacité à résoudre les conflits');
insert into Competence (nom_competence) values ('Leadership');
insert into Competence (nom_competence) values ('Gestion du stress');
insert into Competence (nom_competence) values ('Autonomie');
insert into Competence (nom_competence) values ('Esprit d''initiative');
insert into Competence (nom_competence) values ('Capacité à apprendre rapidement');
insert into Competence (nom_competence) values ('Competence en présentation');
insert into Competence (nom_competence) values ('Competence en négociation');
insert into Competence (nom_competence) values ('Competence en relations interpersonnelles');
insert into Competence (nom_competence) values ('Capacité à travailler sous pression');
insert into Competence (nom_competence) values ('Competence en analyse financière');
insert into Competence (nom_competence) values ('Competence linguistiques');
insert into Competence (nom_competence) values ('Competence en rePromo_Offre de marché');
insert into Competence (nom_competence) values ('Competence en gestion des réseaux sociaux.');


insert into Promo (promo) values ('A1');
insert into Promo (promo) values ('A2');
insert into Promo (promo) values ('A3');
insert into Promo (promo) values ('A4');
insert into Promo (promo) values ('A5');

INSERT INTO Entreprise (secteur_activité, nom, logo, statut) VALUES ('Technologie/Informatique', 'NovaTech Solutions', '../logo/logo1', 'visible');

INSERT INTO Entreprise (secteur_activité, nom, logo, statut) VALUES ('Finance/Investissement', 'Quantum Ventures', '../logo/logo2', 'visible');

INSERT INTO Entreprise (secteur_activité, nom, logo, statut) 
VALUES ('Technologie/Électronique', 'BlueWave Innovations', '../logo/logo3', 'visible');

INSERT INTO Entreprise (secteur_activité, nom, logo, statut) 
VALUES ('Fabrication/Industrie', 'SilverLinx Industries', '../logo/logo4', 'visible');

INSERT INTO Entreprise (secteur_activité, nom, logo, statut) 
VALUES ('Ingénierie/Mécanique', 'Zenith Dynamics', '../logo/logo5', 'visible');

INSERT INTO Entreprise (secteur_activité, nom, logo, statut) 
VALUES ('Consulting/Conseil', 'OptiMystic Enterprises', '../logo/logo6', 'visible');

INSERT INTO Entreprise (secteur_activité, nom, logo, statut) 
VALUES ('Énergie/Renouvelable', 'Apex Fusion Group', '../logo/logo7', 'visible');

INSERT INTO Entreprise (secteur_activité, nom, logo, statut) 
VALUES ('Médias/Communication', 'Velocity Visions Inc.', '../logo/logo8', 'visible');

INSERT INTO Entreprise (secteur_activité, nom, logo, statut) 
VALUES ('Services professionnels', 'Stellar Synergy Co.', '../logo/logo9', 'visible');

INSERT INTO Entreprise (secteur_activité, nom, logo, statut) 
VALUES ('Immobilier/Construction', 'Horizon Heights Corporation', '../logo/logo10', 'visible');

INSERT INTO Entreprise (secteur_activité, nom, logo, statut) 
VALUES ('Technologie/Internet', 'Nexus Nexus Inc.', '../logo/logo11', 'visible');

INSERT INTO Entreprise (secteur_activité, nom, logo, statut) 
VALUES ('Fabrication/Métallurgie', 'Fusion Forge Industries', '../logo/logo12', 'visible');

INSERT INTO Entreprise (secteur_activité, nom, logo, statut) 
VALUES ('Technologie/Audio', 'EchoEcho Enterprises', '../logo/logo13', 'visible');

INSERT INTO Entreprise (secteur_activité, nom, logo, statut) 
VALUES ('Santé/Pharmaceutique', 'OmniGenix Solutions', '../logo/logo14', 'visible');

INSERT INTO Entreprise (secteur_activité, nom, logo, statut) 
VALUES ('Technologie/Robotique', 'Phoenix Spark Technologies', '../logo/logo15', 'visible');

INSERT INTO Entreprise (secteur_activité, nom, logo, statut) 
VALUES ('Chimie/Matériaux', 'Alchemy Alcove Ltd.', '../logo/logo16', 'visible');

INSERT INTO Entreprise (secteur_activité, nom, logo, statut) 
VALUES ('Maritime/Transport', 'TitanTide Ventures', '../logo/logo17', 'visible');
INSERT INTO Entreprise (secteur_activité, nom, logo, statut) VALUES ('Éducation/Formation', 'Pinnacle Prodigy Inc.', '../logo/logo18', 'visible');
INSERT INTO Entreprise (secteur_activité, nom, logo, statut) VALUES ('Environnement/Développement durable', 'Solstice Solutions Group', '../logo/logo19', 'visible');
INSERT INTO Entreprise (secteur_activité, nom, logo, statut) VALUES ('Luxe/Mode', 'Lumina Luxe Enterprises', '../logo/logo20', 'visible');
INSERT INTO Entreprise (secteur_activité, nom, logo, statut) VALUES ('Logistique/Transport', 'Streamline Syndicate', '../logo/logo21', 'visible');
INSERT INTO Entreprise (secteur_activité, nom, logo, statut) VALUES ('Environnement/Énergie propre', 'Infinity Impact Inc.', '../logo/logo22', 'visible');
INSERT INTO Entreprise (secteur_activité, nom, logo, statut) VALUES ('Technologie/Cloud computing', 'Nimbus Nexus Corporation', '../logo/logo23', 'visible');
INSERT INTO Entreprise (secteur_activité, nom, logo, statut) VALUES ('Astronomie/Technologie spatiale', 'Astral Axis Solutions', '../logo/logo24', 'visible');
INSERT INTO Entreprise (secteur_activité, nom, logo, statut) VALUES ('Technologie/Communication vocale', 'VirtuVox Ventures', '../logo/logo25', 'visible');
INSERT INTO Entreprise (secteur_activité, nom, logo, statut) VALUES ('Technologie/Internet des objets (IoT)', 'EchoSphere Enterprises', '../logo/logo26', 'visible');
INSERT INTO Entreprise (secteur_activité, nom, logo, statut) VALUES ('Recherche/Développement', 'Arcane Innovations Inc.', '../logo/logo27', 'visible');
INSERT INTO Entreprise (secteur_activité, nom, logo, statut) VALUES ('Marketing/Publicité', 'Element Edge Group', '../logo/logo28', 'visible');
INSERT INTO Entreprise (secteur_activité, nom, logo, statut) VALUES ('Divertissement/Jeux vidéo', 'Radiant Realms Corporation', '../logo/logo29', 'visible');
INSERT INTO Entreprise (secteur_activité, nom, logo, statut) VALUES ('Sécurité/Technologie de l''information', 'Enigma Enterprises', '../logo/logo30', 'visible');
INSERT INTO Entreprise (secteur_activité, nom, logo, statut) VALUES ('Design/Architecture', 'Cascade Concepts Co.', '../logo/logo31', 'visible');
INSERT INTO Entreprise (secteur_activité, nom, logo, statut) VALUES ('Beauté/Produits de soins', 'Elysian Elements Inc.', '../logo/logo32', 'visible');
INSERT INTO Entreprise (secteur_activité, nom, logo, statut) VALUES ('Aérospatiale/Aviation', 'Aurora Apex Ventures', '../logo/logo33', 'visible');
INSERT INTO Entreprise (secteur_activité, nom, logo, statut) VALUES ('Technologie/Logiciel', 'Nexus Nucleus Solutions', '../logo/logo34', 'visible');
INSERT INTO Entreprise (secteur_activité, nom, logo, statut) VALUES ('Consulting/Conseil en stratégie', 'Envision Enterprises', '../logo/logo35', 'visible');
INSERT INTO Entreprise (secteur_activité, nom, logo, statut) VALUES ('Énergie/Éolien', 'Zephyr Zenith Inc.', '../logo/logo36', 'visible');
INSERT INTO Entreprise (secteur_activité, nom, logo, statut) VALUES ('Santé/Bien-être', 'Serenity Systems Group', '../logo/logo37', 'visible');
INSERT INTO Entreprise (secteur_activité, nom, logo, statut) VALUES ('Technologie/Énergie alternative', 'Synergy Sphere Solutions', '../logo/logo38', 'visible');
INSERT INTO Entreprise (secteur_activité, nom, logo, statut) VALUES ('Voyage/Tourisme spatial', 'Odyssey OmniCorp', '../logo/logo39', 'visible');
INSERT INTO Entreprise (secteur_activité, nom, logo, statut) VALUES ('Finance/Trading', 'Momentum Matrix Ltd.', '../logo/logo40', 'visible');
INSERT INTO Entreprise (secteur_activité, nom, logo, statut) VALUES ('Technologie/Bien-être numérique', 'TranquilTech Enterprises', '../logo/logo41', 'visible');
INSERT INTO Entreprise (secteur_activité, nom, logo, statut) VALUES ('Métallurgie/Fonderie', 'Phoenix Forge Inc.', '../logo/logo42', 'visible');
INSERT INTO Entreprise (secteur_activité, nom, logo, statut) VALUES ('Équipement/Électronique grand public', 'Apex Ascent Corporation', '../logo/logo43', 'visible');
INSERT INTO Entreprise (secteur_activité, nom, logo, statut) VALUES ('Technologie/Blockchain', 'Paragon Pinnacle Group', '../logo/logo44', 'visible');
INSERT INTO Entreprise (secteur_activité, nom, logo, statut) VALUES ('Éducation/Formation en ligne', 'Genesis Grid Solutions', '../logo/logo45', 'visible');
INSERT INTO Entreprise (secteur_activité, nom, logo, statut) VALUES ('Énergie/Fusion nucléaire', 'Quantum Quest Enterprises', '../logo/logo46', 'visible');
INSERT INTO Entreprise (secteur_activité, nom, logo, statut) VALUES ('Technologie/Internet spatial', 'Fusion Flux Inc.', '../logo/logo47', 'visible');
INSERT INTO Entreprise (secteur_activité, nom, logo, statut) VALUES ('Secteur non spécifié', 'Nebula Nexus Co.', '../logo/logo48', 'visible');
INSERT INTO Entreprise (secteur_activité, nom, logo, statut) VALUES ('Technologie/Informatique', 'Apexia Alliance Ltd.', '../logo/logo49', 'visible');
INSERT INTO Entreprise (secteur_activité, nom, logo, statut) VALUES ('Finance/Investissement', 'Zenith Zone Ventures', '../logo/logo50', 'visible');





-- Insertion des pays
INSERT INTO Pays (nom_pays) VALUES
('France'),
('Espagne'),
('Allemagne'),
('Italie'),
('Royaume-Uni'),
('Belgique'),
('Pays-Bas'),
('Portugal'),
('Suisse'),
('Suède'),
('Norvège'),
('Danemark'),
('Finlande'),
('Autriche'),
('Grèce'),
('Turquie'),
('Canada'),
('États-Unis'),
('Australie'),
('Japon');

-- Insertion des régions de France
INSERT INTO Région (région, ID_pays) VALUES
('Auvergne-Rhône-Alpes', 1),
('Bourgogne-Franche-Comté', 1),
('Bretagne', 1),
('Centre-Val de Loire', 1),
('Corse', 1),
('Grand Est', 1),
('Hauts-de-France', 1),
('Île-de-France', 1),
('Normandie', 1),
('Nouvelle-Aquitaine', 1),
('Occitanie', 1),
('Pays de la Loire', 1),
('Provence-Alpes-Côte d''Azur', 1);

-- Insertion des villes avec les régions correspondantes
INSERT INTO Ville (ville, ID_région) VALUES
('Paris', 8), -- Île-de-France
('Toulouse', 11), -- Occitanie
('Lyon', 1), -- Auvergne-Rhône-Alpes
('Bordeaux', 10), -- Nouvelle-Aquitaine
('Nantes', 12), -- Pays de la Loire
('Lille', 7), -- Hauts-de-France
('Rennes', 3), -- Bretagne
('Strasbourg', 6), -- Grand Est
('Nice', 13), -- Provence-Alpes-Côte d'Azur
('Montpellier', 11), -- Occitanie
('Aix-en-Provence', 13), -- Provence-Alpes-Côte d'Azur
('Angers', 12), -- Pays de la Loire
('Rouen', 9), -- Normandie
('Grenoble', 1), -- Auvergne-Rhône-Alpes
('Toulon', 13), -- Provence-Alpes-Côte d'Azur
('Tours', 4), -- Centre-Val de Loire
('Reims', 8), -- Grand Est
('Le Mans', 12), -- Pays de la Loire
('Poitiers', 10), -- Nouvelle-Aquitaine
('Saint-Nazaire', 12), -- Pays de la Loire
('Brest', 3), -- Bretagne
('Caen', 9), -- Normandie
('Dijon', 2), -- Bourgogne-Franche-Comté
('Orléans', 4), -- Centre-Val de Loire
('Mulhouse', 8), -- Grand Est
('Metz', 8), -- Grand Est
('Besançon', 2), -- Bourgogne-Franche-Comté
('Limoges', 10), -- Nouvelle-Aquitaine
('Annecy', 1), -- Auvergne-Rhône-Alpes
('Perpignan', 11), -- Occitanie
('Béziers', 11), -- Occitanie
('Avignon', 13), -- Provence-Alpes-Côte d'Azur
('Cannes', 13), -- Provence-Alpes-Côte d'Azur
('Marseille', 13), -- Provence-Alpes-Côte d'Azur
('Nîmes', 11), -- Occitanie
('Niort', 10), -- Nouvelle-Aquitaine
('Pau', 11), -- Occitanie
('Bayonne', 10), -- Nouvelle-Aquitaine
('Vannes', 12), -- Pays de la Loire
('La Rochelle', 10), -- Nouvelle-Aquitaine
('La Roche-sur-Yon', 12), -- Pays de la Loire
('Cholet', 12), -- Pays de la Loire
('Valence', 1), -- Auvergne-Rhône-Alpes
('Chambéry', 1), -- Auvergne-Rhône-Alpes
('Saint-Étienne', 1), -- Auvergne-Rhône-Alpes
('Le Havre', 9), -- Normandie
('Amiens', 7), -- Hauts-de-France
('Arras', 7), -- Hauts-de-France
('Calais', 7), -- Hauts-de-France
('Lens', 7), -- Hauts-de-France
('Beauvais', 7), -- Hauts-de-France
('Évreux', 9), -- Normandie
('Épinal', 8), -- Grand Est
('Colmar', 8), -- Grand Est
('Sarreguemines', 8), -- Grand Est
('Charleville-Mézières', 8), -- Grand Est
('Troyes', 8), -- Grand Est
('Châlons-en-Champagne', 8), -- Grand Est
('Laon', 8), -- Grand Est
('Saint-Quentin', 8), -- Grand Est
('Vesoul', 2), -- Bourgogne-Franche-Comté
('Auxerre', 2), -- Bourgogne-Franche-Comté
('Mâcon', 1), -- Auvergne-Rhône-Alpes
('Saint-Brieuc', 3), -- Bretagne
('Quimper', 3), -- Bretagne
('Morlaix', 3), -- Bretagne
('Vannes', 3), -- Bretagne
('Pontivy', 3), -- Bretagne
('Vitré', 3), -- Bretagne
('Dinard', 3), -- Bretagne
('Rennes', 3), -- Bretagne
('Saint-Malo', 3), -- Bretagne
('Quimperlé', 3), -- Bretagne
('Lannion', 3), -- Bretagne
('Côtes-d Armor', 3), -- Bretagne
('Quimper', 3), -- Bretagne
('Morlaix', 3), -- Bretagne
('Vannes', 3), -- Bretagne
('Pontivy', 3), -- Bretagne
('Vitré', 3), -- Bretagne
('Dinard', 3), -- Bretagne
('Rennes', 3), -- Bretagne
('Saint-Malo', 3), -- Bretagne
('Quimperlé', 3), -- Bretagne
('Lannion', 3), -- Bretagne
('Côtes-d''Armor', 3), -- Bretagne
('Le Puy-en-Velay', 1), -- Auvergne-Rhône-Alpes
('Moulins', 1), -- Auvergne-Rhône-Alpes
('Rodez', 11), -- Occitanie
('Cahors', 11), -- Occitanie
('Foix', 11), -- Occitanie
('Mende', 11), -- Occitanie
('Pamiers', 11), -- Occitanie
('Troyes', 8), -- Grand Est
('Châlons-en-Champagne', 8), -- Grand Est
('Laon', 8), -- Grand Est
('Saint-Quentin', 8), -- Grand Est
('Vesoul', 2), -- Bourgogne-Franche-Comté
('Auxerre', 2), -- Bourgogne-Franche-Comté
('Mâcon', 1); -- Auvergne-Rhône-Alpes


-- Insertion des adresses pour les campus CESI
INSERT INTO Adresse (adresse, ID_ville) VALUES
('1 Rue de la Paix', 1), -- Paris
('10 Avenue de l Europe', 2), -- Toulouse
('25 Rue de la Liberté', 3), -- Lyon
('5 Boulevard des Étoiles', 4), -- Bordeaux
('8 Rue du Progrès', 5), -- Nantes
('12 Avenue des Roses', 6), -- Lille
('17 Rue de la République', 7), -- Rennes
('20 Rue de la Renaissance', 8), -- Strasbourg
('15 Avenue des Palmiers', 9), -- Nice
('30 Rue de la Mer', 10), -- Montpellier
('9 Avenue du Soleil', 11), -- Aix-en-Provence
('22 Boulevard du Printemps', 12), -- Angers
('11 Rue de l Innovation', 13), -- Rouen
('7 Avenue de la Science', 14), -- Grenoble
('14 Boulevard du Sud', 15), -- Toulon
('3 Rue du Savoir', 16), -- Tours
('18 Rue de l Excellence', 17), -- Reims
('23 Avenue de la Technologie', 18), -- Le Mans
('6 Rue de l Ingénieur', 19), -- Poitiers
('19 Rue de l Énergie', 20), -- Saint-Nazaire
('4 Boulevard de la Mer', 21), -- Brest
('21 Avenue de la Connaissance', 22), -- Caen
('16 Rue de la Créativité', 23), -- Dijon
('2 Avenue de l Innovation', 24), -- Orléans
('13 Rue de la Réussite', 25), -- Mulhouse
('7 Rue du Coeur', 26), -- Metz
('14 Avenue de la Liberté', 27), -- Besançon
('3 Boulevard de la Paix', 28), -- Limoges
('5 Rue de la Joie', 29), -- Annecy
('8 Boulevard de la Victoire', 30), -- Perpignan
('12 Rue de l''Amour', 31), -- Béziers
('2 Avenue de la Plage', 32), -- Avignon
('6 Boulevard du Bonheur', 33), -- Cannes
('9 Rue de la Croisette', 34), -- Marseille
('4 Avenue des Arènes', 35), -- Nîmes
('11 Rue de la Nature', 36), -- Niort
('15 Avenue du Sport', 37); -- Pau




INSERT INTO Utilisateurs (nom, prenom, mot_de_passe) VALUES ('Bow', 'Pénélope', 'zW96UhV');
INSERT INTO Utilisateurs (nom, prenom, mot_de_passe) VALUES ('Wearn', 'Mà', 'rY4ree##<');
INSERT INTO Utilisateurs (nom, prenom, mot_de_passe) VALUES ('Petracchi', 'Loïca', 'bM5''uqQIl');
INSERT INTO Utilisateurs (nom, prenom, mot_de_passe) VALUES ('MacAllen', 'Athéna', 'mB2{2V!');
INSERT INTO Utilisateurs (nom, prenom, mot_de_passe) VALUES ('Moult', 'Mårten', 'zI6.W3CLqf');
INSERT INTO Utilisateurs (nom, prenom, mot_de_passe) VALUES ('Bullivent', 'Cléopatre', 'xK0=g');
INSERT INTO Utilisateurs (nom, prenom, mot_de_passe) VALUES ('O''Connor', 'Maïwenn', 'rE2qg');
INSERT INTO Utilisateurs (nom, prenom, mot_de_passe) VALUES ('Crawshay', 'Marie-ève', 'mM9ovTb~');
INSERT INTO Utilisateurs (nom, prenom, mot_de_passe) VALUES ('Ripper', 'Bérangère', 'bH7qw*''d');
INSERT INTO Utilisateurs (nom, prenom, mot_de_passe) VALUES ('Zincke', 'Göran', 'oU3DXPsx');
INSERT INTO Utilisateurs (nom, prenom, mot_de_passe) VALUES ('Reside', 'Stévina', 'oD83>');
INSERT INTO Utilisateurs (nom, prenom, mot_de_passe) VALUES ('McCleary', 'Faîtes', 'vI9zCT1R(T');
INSERT INTO Utilisateurs (nom, prenom, mot_de_passe) VALUES ('Lemar', 'Véronique', 'xA9..');
INSERT INTO Utilisateurs (nom, prenom, mot_de_passe) VALUES ('Goggan', 'Åsa', 'vZ2*ned~');
INSERT INTO Utilisateurs (nom, prenom, mot_de_passe) VALUES ('Ogelsby', 'Mà', 'wV5Jee');
INSERT INTO Utilisateurs (nom, prenom, mot_de_passe) VALUES ('Seeborne', 'Lucrèce', 'hJ3|u1');
INSERT INTO Utilisateurs (nom, prenom, mot_de_passe) VALUES ('Crinage', 'André', 'eL5ocm"M');
INSERT INTO Utilisateurs (nom, prenom, mot_de_passe) VALUES ('Harbert', 'André', 'bP6SQn');
INSERT INTO Utilisateurs (nom, prenom, mot_de_passe) VALUES ('Piddlehinton', 'Lóng', 'nE0?Q,B');
INSERT INTO Utilisateurs (nom, prenom, mot_de_passe) VALUES ('Tolchard', 'Lén', 'kL7,<6=0');
INSERT INTO Utilisateurs (nom, prenom, mot_de_passe) VALUES ('Ackwood', 'Desirée', 'fT2&=EAkKE');
INSERT INTO Utilisateurs (nom, prenom, mot_de_passe) VALUES ('Ourtic', 'Crééz', 'wR4KFRoK');
INSERT INTO Utilisateurs (nom, prenom, mot_de_passe) VALUES ('Waind', 'Anaël', 'xE20=');
INSERT INTO Utilisateurs (nom, prenom, mot_de_passe) VALUES ('Ottee', 'Ophélie', 'hU3*2>l$aE');
INSERT INTO Utilisateurs (nom, prenom, mot_de_passe) VALUES ('Bullon', 'Daphnée', 'sB0!X');
INSERT INTO Utilisateurs (nom, prenom, mot_de_passe) VALUES ('McEniry', 'Clémence', 'tZ4UQ+`r');
INSERT INTO Utilisateurs (nom, prenom, mot_de_passe) VALUES ('Dowty', 'Annotés', 'rM4}9');
INSERT INTO Utilisateurs (nom, prenom, mot_de_passe) VALUES ('Klebes', 'Mylène', 'hJ5(?q5%');
INSERT INTO Utilisateurs (nom, prenom, mot_de_passe) VALUES ('Stone', 'Miléna', 'xM6fOh{');
INSERT INTO Utilisateurs (nom, prenom, mot_de_passe) VALUES ('Chalk', 'Uò', 'qC1?s.S*M');
INSERT INTO Utilisateurs (nom, prenom, mot_de_passe) VALUES ('Dolton', 'Annotée', 'rJ8l&4');
INSERT INTO Utilisateurs (nom, prenom, mot_de_passe) VALUES ('Minto', 'Aloïs', 'dJ7E6)jv%~');
INSERT INTO Utilisateurs (nom, prenom, mot_de_passe) VALUES ('Obee', 'Léonie', 'pX1{F');
INSERT INTO Utilisateurs (nom, prenom, mot_de_passe) VALUES ('Hiskey', 'Edmée', 'eC1/%Vd');
INSERT INTO Utilisateurs (nom, prenom, mot_de_passe) VALUES ('Pickthall', 'Laïla', 'tI3jF{');
INSERT INTO Utilisateurs (nom, prenom, mot_de_passe) VALUES ('Danell', 'Naëlle', 'aE8BBy7x');
INSERT INTO Utilisateurs (nom, prenom, mot_de_passe) VALUES ('Skase', 'Mélia', 'yG6Ys');
INSERT INTO Utilisateurs (nom, prenom, mot_de_passe) VALUES ('Shaw', 'Méthode', 'bL3M<h/_');
INSERT INTO Utilisateurs (nom, prenom, mot_de_passe) VALUES ('Keogh', 'Bérengère', 'yL9DF$');
INSERT INTO Utilisateurs (nom, prenom, mot_de_passe) VALUES ('Fender', 'Thérèsa', 'iI9)6iO>Rj');
INSERT INTO Utilisateurs (nom, prenom, mot_de_passe) VALUES ('Oppery', 'Gaétane', 'tE7a8j');
INSERT INTO Utilisateurs (nom, prenom, mot_de_passe) VALUES ('Handlin', 'Tán', 'eS65n(z+');
INSERT INTO Utilisateurs (nom, prenom, mot_de_passe) VALUES ('Belsham', 'Chloé', 'vK5''CTKw');
INSERT INTO Utilisateurs (nom, prenom, mot_de_passe) VALUES ('Heape', 'Adélie', 'xF51{q_z');
INSERT INTO Utilisateurs (nom, prenom, mot_de_passe) VALUES ('Mains', 'Solène', 'iT6i@');
INSERT INTO Utilisateurs (nom, prenom, mot_de_passe) VALUES ('Murtagh', 'Kuí', 'lB2!$`*"');
INSERT INTO Utilisateurs (nom, prenom, mot_de_passe) VALUES ('Saunper', 'Béatrice', 'pJ74k');
INSERT INTO Utilisateurs (nom, prenom, mot_de_passe) VALUES ('Eloi', 'Mylène', 'lL1$_qa8w@');
INSERT INTO Utilisateurs (nom, prenom, mot_de_passe) VALUES ('Hector', 'Méng', 'iQ2ANI');
INSERT INTO Utilisateurs (nom, prenom, mot_de_passe) VALUES ('Grinval', 'Valérie', 'bQ2I3>_J`');
INSERT INTO Utilisateurs (nom, prenom, mot_de_passe) VALUES ('Riccardo', 'Léandre', 'qB4jM~/?');
INSERT INTO Utilisateurs (nom, prenom, mot_de_passe) VALUES ('Pittoli', 'Gaëlle', 'hM7/HP');
INSERT INTO Utilisateurs (nom, prenom, mot_de_passe) VALUES ('Albasini', 'Illustrée', 'cK0/!%');
INSERT INTO Utilisateurs (nom, prenom, mot_de_passe) VALUES ('Lovell', 'Märta', 'yU2wRQ');
INSERT INTO Utilisateurs (nom, prenom, mot_de_passe) VALUES ('Hanigan', 'Liè', 'bJ7A/G5');
INSERT INTO Utilisateurs (nom, prenom, mot_de_passe) VALUES ('Giovanni', 'Cinéma', 'yK34o4&');
INSERT INTO Utilisateurs (nom, prenom, mot_de_passe) VALUES ('Milberry', 'Loïs', 'dY0pv12>9?');
INSERT INTO Utilisateurs (nom, prenom, mot_de_passe) VALUES ('Brixey', 'Joséphine', 'oB6@T7Osg9');
INSERT INTO Utilisateurs (nom, prenom, mot_de_passe) VALUES ('Durston', 'Léane', 'oM52yal3(');
INSERT INTO Utilisateurs (nom, prenom, mot_de_passe) VALUES ('Gard', 'Thérèsa', 'mV3YDX');
INSERT INTO Utilisateurs (nom, prenom, mot_de_passe) VALUES ('Kenny', 'Théa', 'oP6E7Q7z');
INSERT INTO Utilisateurs (nom, prenom, mot_de_passe) VALUES ('Daubeney', 'Eléa', 'mV8D3~');
INSERT INTO Utilisateurs (nom, prenom, mot_de_passe) VALUES ('Golsworthy', 'Máni', 'xV4$2DQaJ');
INSERT INTO Utilisateurs (nom, prenom, mot_de_passe) VALUES ('Bedwin', 'Zoé', 'eZ5Bb4');
INSERT INTO Utilisateurs (nom, prenom, mot_de_passe) VALUES ('Brockelsby', 'Méabh', 'nI9>Fm9');
INSERT INTO Utilisateurs (nom, prenom, mot_de_passe) VALUES ('Fuge', 'Márton', 'lE6qJk');
INSERT INTO Utilisateurs (nom, prenom, mot_de_passe) VALUES ('Agneau', 'Adélie', 'eH3@6Z0');
INSERT INTO Utilisateurs (nom, prenom, mot_de_passe) VALUES ('Galbreth', 'Lénora', 'hL0*YN)l@');
INSERT INTO Utilisateurs (nom, prenom, mot_de_passe) VALUES ('Featherstonhalgh', 'Amélie', 'sV4@"x');
INSERT INTO Utilisateurs (nom, prenom, mot_de_passe) VALUES ('Kleimt', 'Göran', 'oR8XM9');
INSERT INTO Utilisateurs (nom, prenom, mot_de_passe) VALUES ('Kilburn', 'Félix', 'iW8EC');
INSERT INTO Utilisateurs (nom, prenom, mot_de_passe) VALUES ('Bilney', 'Löic', 'wV3FeB?');
INSERT INTO Utilisateurs (nom, prenom, mot_de_passe) VALUES ('Abrehart', 'Louane', 'pZ3$n4?');
INSERT INTO Utilisateurs (nom, prenom, mot_de_passe) VALUES ('Hully', 'Andréanne', 'qG9}9i@B');
INSERT INTO Utilisateurs (nom, prenom, mot_de_passe) VALUES ('Kincaid', 'Mårten', 'rD5T3Z$');


INSERT INTO Centre (nom_centre) VALUES
('CESI Paris'),
('CESI Toulouse'),
('CESI Lyon'),
('CESI Bordeaux'),
('CESI Nantes'),
('CESI Lille'),
('CESI Rennes'),
('CESI Strasbourg'),
('CESI Nice'),
('CESI Montpellier'),
('CESI Aix-en-Provence'),
('CESI Angers'),
('CESI Rouen'),
('CESI Grenoble'),
('CESI Toulon'),
('CESI Tours'),
('CESI Reims'),
('CESI Le Mans'),
('CESI Poitiers'),
('CESI Saint-Nazaire'),
('CESI Brest'),
('CESI Caen'),
('CESI Dijon'),
('CESI Orléans'),
('CESI Mulhouse');


INSERT INTO Promo_Pilote (ID_promo_pilote, ID_promo, ID_pilote) VALUES
(3, 21),
(2, 8),
(1, 3),
(1, 6),
(5, 17),
(2, 12),
(4, 9),
(5, 5),
(2, 1),
(1, 15),
(5, 21),
(4, 25),
(5, 8),
(5, 5),
(3, 21),
(4, 20),
(1, 22),
(4, 17),
(3, 17),
(3, 10),
(4, 3),
(2, 9),
(5, 7),
(2, 25),
(2, 16),
(5, 13),
(1, 16),
(4, 19),
(2, 24),
(4, 14),
(5, 16),
(1, 12),
(5, 9),
(2, 12),
(2, 6),
(4, 12),
(3, 18),
(1, 8),
(1, 7),
(2, 11),
(4, 1),
(3, 16),
(2, 14),
(1, 3),
(4, 3),
(3, 18),
(4, 18),
(4, 1),
(2, 4),
(2, 8),
(4, 8),
(3, 4),
(1, 7),
(5, 16),
(1, 1),
(3, 25),
(4, 19),
(1, 9),
(1, 3),
(5, 3),
(1, 22),
(1, 21),
(1, 9),
(5, 24),
(5, 14),
(4, 4),
(5, 11),
(4, 11),
(5, 6),
(5, 25),
(1, 7),
(4, 3),
(3, 11),
(5, 23),
(2, 23),
(5, 18),
(1, 18),
(3, 17),
(4, 15),
(1, 7),
(4, 19),
(5, 1),
(2, 9),
(5, 17),
(4, 24),
(2, 5),
(1, 23),
(2, 8),
(3, 1),
(4, 13),
(1, 15),
(4, 2),
(1, 10),
(5, 19),
(1, 1),
(4, 12),
(4, 17),
(3, 17),
(1, 6),
(1, 14);



INSERT INTO Etudiant (ID_centre, ID_utilisateur, ID_promo) VALUES 
(14, 1, 3),
(7, 2, 2),
(20, 3, 1),
(2, 4, 5),
(23, 5, 2),
(12, 6, 4),
(18, 7, 4),
(5, 8, 3),
(10, 9, 5),
(25, 10, 2),
(3, 11, 3),
(16, 12, 5),
(21, 13, 1),
(9, 14, 3),
(1, 15, 1),
(24, 16, 4),
(4, 17, 2),
(17, 18, 3),
(22, 19, 5),
(8, 20, 5),
(15, 21, 5),
(6, 22, 1),
(19, 23, 2),
(11, 24, 1),
(13, 25, 4),
(14, 26, 3),
(7, 27, 4),
(20, 28, 1),
(2, 29, 3),
(23, 30, 1),
(12, 31, 2),
(18, 32, 5),
(5, 33, 4),
(10, 34, 2),
(25, 35, 1),
(3, 36, 4),
(16, 37, 5),
(21, 38, 1),
(9, 39, 2),
(1, 40, 4),
(24, 41, 3),
(4, 42, 1),
(17, 43, 5),
(22, 44, 1),
(8, 45, 4);

INSERT INTO Pilote (ID_centre, ID_utilisateur) VALUES 
(1, 46),
(2, 47),
(3, 48),
(4, 49),
(5, 50),
(6, 51),
(7, 52),
(8, 53),
(9, 54),
(10, 55),
(11, 56),
(12, 57),
(13, 58),
(14, 59),
(15, 60),
(16, 61),
(17, 62),
(18, 63),
(19, 64),
(20, 65),
(21, 66),
(22, 67),
(23, 68),
(24, 69),
(25, 70);

INSERT INTO Admin (ID_utilisateur) VALUES 
(71),
(72),
(73),
(74),
(75);

INSERT INTO Wish_list (ID_etudiant) VALUES 
(1),
(2),
(3),
(4),
(5),
(6),
(7),
(8),
(9),
(10),
(11),
(12),
(13),
(14),
(15),
(16),
(17),
(18),
(19),
(20),
(21),
(22),
(23),
(24),
(25),
(26),
(27),
(28),
(29),
(30),
(31),
(32),
(33),
(34),
(35),
(36),
(37),
(38),
(39),
(40),
(41),
(42),
(43),
(44),
(45);


INSERT INTO Evaluation (note, ID_pilote, ID_etudiant, ID_entreprise) VALUES
(4.0, 5, 39, 4),
(3.1, 11, 30, 43),
(3.5, 24, 45, 50),
(3.5, 16, 4, 49),
(4.3, 1, 11, 41),
(3.6, 17, 10, 47),
(4.2, 23, 22, 45),
(1.8, 10, 42, 39),
(3.0, 19, 28, 43),
(4.2, 10, 21, 25),
(4.8, 4, 37, 38),
(4.0, 21, 17, 41),
(1.5, 9, 22, 35),
(3.1, 19, 34, 9),
(3.9, 4, 9, 30),
(3.8, 22, 21, 40),
(2.6, 17, 39, 9),
(1.9, 20, 11, 24),
(2.1, 18, 1, 43),
(2.1, 18, 8, 43),
(3.5, 15, 29, 38),
(4.5, 1, 29, 3),
(2.2, 3, 45, 24),
(2.6, 3, 36, 14),
(3.0, 10, 15, 32),
(5.0, 13, 33, 17),
(1.6, 22, 2, 5),
(1.8, 7, 35, 48),
(2.6, 16, 6, 31),
(2.5, 19, 13, 26),
(3.1, 21, 2, 29),
(4.6, 23, 27, 9),
(1.6, 3, 24, 9),
(3.1, 6, 43, 13),
(3.1, 23, 32, 8),
(2.1, 23, 33, 40),
(4.5, 11, 40, 20),
(2.3, 25, 24, 50),
(3.2, 24, 30, 48),
(2.6, 17, 36, 21),
(1.8, 1, 22, 21),
(3.5, 5, 33, 48),
(1.7, 21, 20, 5),
(4.7, 5, 37, 29),
(4.4, 15, 43, 48),
(1.7, 16, 8, 25),
(2.6, 4, 16, 28),
(3.2, 10, 34, 30),
(5.0, 12, 24, 50),
(2.9, 15, 18, 32),
(3.2, 3, 35, 50),
(4.7, 17, 23, 12),
(1.4, 24, 40, 28),
(4.5, 24, 17, 6),
(2.2, 6, 14, 42),
(2.1, 22, 34, 13),
(1.2, 16, 44, 43),
(3.6, 15, 6, 19),
(3.0, 2, 34, 23),
(4.7, 15, 25, 36),
(2.8, 1, 23, 19),
(1.8, 13, 18, 22),
(4.0, 15, 22, 44),
(3.9, 17, 40, 43),
(3.3, 13, 20, 45),
(4.6, 1, 27, 34),
(4.8, 12, 45, 28),
(2.6, 13, 18, 42),
(2.8, 8, 30, 20),
(1.8, 11, 44, 49),
(1.6, 6, 15, 4),
(3.1, 22, 24, 19),
(2.9, 17, 6, 10),
(4.0, 3, 31, 30),
(4.6, 21, 44, 1),
(1.3, 10, 33, 32),
(4.3, 20, 3, 10),
(4.7, 17, 4, 31),
(4.6, 23, 44, 39),
(4.1, 5, 26, 6),
(4.2, 15, 9, 45),
(3.5, 4, 26, 33),
(4.7, 23, 3, 1),
(4.7, 4, 45, 3),
(2.8, 17, 44, 33),
(1.4, 6, 33, 4),
(1.3, 10, 12, 27),
(2.0, 19, 22, 4),
(3.9, 18, 15, 30),
(2.2, 13, 22, 33),
(3.5, 16, 42, 15),
(4.2, 22, 19, 7),
(1.6, 6, 29, 43),
(3.5, 9, 19, 39),
(1.3, 18, 21, 38),
(4.4, 3, 27, 35),
(3.2, 9, 1, 19),
(1.7, 17, 36, 5),
(1.1, 4, 40, 50),
(4.4, 25, 40, 27),
(4.4, 8, 22, 31),
(2.9, 1, 18, 8),
(3.9, 3, 42, 17),
(3.9, 11, 6, 39),
(3.4, 14, 17, 1),
(4.4, 17, 12, 36),
(3.6, 3, 3, 24),
(4.2, 14, 18, 29),
(4.9, 18, 11, 15),
(4.9, 8, 32, 21),
(4.7, 9, 31, 37),
(3.0, 16, 22, 14),
(3.9, 12, 23, 25),
(1.2, 1, 30, 41),
(3.2, 17, 27, 38),
(2.2, 1, 15, 4),
(3.7, 6, 28, 29),
(3.3, 14, 7, 17),
(3.0, 10, 31, 40),
(3.6, 8, 16, 44),
(2.9, 4, 33, 44),
(1.2, 14, 43, 31),
(4.0, 24, 11, 40),
(3.9, 17, 38, 24),
(3.9, 12, 35, 29),
(1.8, 16, 27, 34),
(2.1, 16, 23, 14),
(3.0, 20, 24, 13),
(3.3, 21, 42, 43),
(3.4, 20, 21, 18),
(1.9, 25, 8, 32),
(4.6, 21, 8, 47),
(2.3, 25, 21, 28),
(2.5, 15, 7, 28),
(3.0, 3, 14, 13),
(4.2, 12, 27, 35),
(3.1, 17, 45, 19),
(4.4, 12, 40, 46),
(1.8, 11, 45, 9),
(2.9, 23, 8, 16),
(2.1, 5, 31, 14),
(4.0, 16, 15, 14),
(3.9, 11, 23, 50),
(4.2, 4, 29, 27),
(4.6, 2, 40, 25),
(1.8, 2, 45, 39),
(4.5, 14, 15, 47),
(1.7, 4, 2, 24),
(4.6, 1, 3, 33),
(1.4, 10, 40, 40),
(2.1, 15, 37, 27),
(4.3, 24, 9, 27),
(1.7, 19, 38, 41),
(1.8, 23, 27, 31),
(4.8, 15, 40, 7),
(4.3, 14, 10, 20),
(4.6, 1, 30, 24),
(2.9, 12, 28, 15),
(1.7, 24, 17, 18),
(1.9, 10, 11, 36),
(4.2, 7, 13, 4),
(4.2, 9, 15, 35),
(2.1, 17, 43, 20),
(2.5, 22, 31, 44),
(3.1, 6, 22, 24),
(4.4, 8, 7, 16),
(1.2, 16, 31, 29),
(4.2, 19, 28, 31),
(4.4, 6, 44, 47),
(3.0, 24, 5, 21),
(3.3, 15, 22, 43),
(4.7, 18, 1, 31),
(1.2, 23, 27, 12),
(1.0, 17, 2, 1),
(4.9, 5, 3, 48),
(1.1, 13, 2, 26),
(1.9, 24, 6, 32),
(4.3, 21, 45, 28),
(4.8, 5, 10, 32),
(3.3, 15, 40, 33),
(4.1, 9, 23, 7),
(2.8, 5, 26, 37),
(4.3, 16, 20, 25),
(1.7, 11, 15, 13),
(1.9, 20, 35, 15),
(4.8, 15, 33, 22),
(1.4, 4, 27, 33),
(1.0, 12, 41, 10),
(3.4, 1, 2, 10),
(1.5, 17, 7, 12),
(1.8, 22, 6, 5),
(4.3, 14, 42, 7),
(1.8, 9, 20, 40),
(3.0, 5, 35, 20),
(4.1, 11, 8, 49),
(4.5, 23, 17, 22),
(2.4, 21, 37, 7),
(3.6, 17, 1, 18),
(3.7, 1, 34, 39),
(4.4, 25, 40, 27),
(4.4, 8, 22, 31),
(2.9, 1, 18, 8),
(3.9, 3, 42, 17),
(3.9, 11, 6, 39),
(3.4, 14, 17, 1),
(4.4, 17, 12, 36),
(3.6, 3, 3, 24),
(4.2, 14, 18, 29),
(4.9, 18, 11, 15),
(4.9, 8, 32, 21),
(4.7, 9, 31, 37),
(3.0, 16, 22, 14),
(3.9, 12, 23, 25),
(1.2, 1, 30, 41),
(3.2, 17, 27, 38),
(2.2, 1, 15, 4),
(3.7, 6, 28, 29),
(3.3, 14, 7, 17),
(3.0, 10, 31, 40),
(3.6, 8, 16, 44),
(2.9, 4, 33, 44),
(1.2, 14, 43, 31),
(4.0, 24, 11, 40),
(3.9, 17, 38, 24),
(3.9, 12, 35, 29),
(1.8, 16, 27, 34),
(2.1, 16, 23, 14),
(3.0, 20, 24, 13),
(3.3, 21, 42, 43),
(3.4, 20, 21, 18),
(1.9, 25, 8, 32),
(4.6, 21, 8, 47),
(2.3, 25, 21, 28),
(2.5, 15, 7, 28),
(3.0, 3, 14, 13),
(4.2, 12, 27, 35),
(3.1, 17, 45, 19),
(4.4, 12, 40, 46),
(1.8, 11, 45, 9),
(2.9, 23, 8, 16),
(2.1, 5, 31, 14),
(4.0, 16, 15, 14),
(3.9, 11, 23, 50),
(4.2, 4, 29, 27),
(4.6, 2, 40, 25),
(1.8, 2, 45, 39),
(4.5, 14, 15, 47),
(1.7, 4, 2, 24),
(4.6, 1, 3, 33),
(1.4, 10, 40, 40),
(2.1, 15, 37, 27),
(4.3, 24, 9, 27),
(1.7, 19, 38, 41),
(1.8, 23, 27, 31),
(4.8, 15, 40, 7),
(4.3, 14, 10, 20),
(4.6, 1, 30, 24),
(2.9, 12, 28, 15),
(1.7, 24, 17, 18),
(1.9, 10, 11, 36),
(4.2, 7, 13, 4),
(4.2, 9, 15, 35),
(2.1, 17, 43, 20),
(2.5, 22, 31, 44),
(3.1, 6, 22, 24),
(4.4, 8, 7, 16),
(1.2, 16, 31, 29),
(4.2, 19, 28, 31),
(4.4, 6, 44, 47),
(3.0, 24, 5, 21),
(3.3, 15, 22, 43),
(4.7, 18, 1, 31),
(1.2, 23, 27, 12),
(1.0, 17, 2, 1),
(4.9, 5, 3, 48),
(1.1, 13, 2, 26),
(1.9, 24, 6, 32),
(4.3, 21, 45, 28),
(4.8, 5, 10, 32),
(3.3, 15, 40, 33),
(4.1, 9, 23, 7),
(2.8, 5, 26, 37),
(4.3, 16, 20, 25),
(1.7, 11, 15, 13),
(1.9, 20, 35, 15),
(4.8, 15, 33, 22),
(1.4, 4, 27, 33),
(1.0, 12, 41, 10),
(3.4, 1, 2, 10),
(1.5, 17, 7, 12),
(1.8, 22, 6, 5),
(4.3, 14, 42, 7),
(1.8, 9, 20, 40),
(3.0, 5, 35, 20),
(4.1, 11, 8, 49),
(4.5, 23, 17, 22),
(2.4, 21, 37, 7),
(3.6, 17, 1, 18),
(3.7, 1, 34, 39),
(2.9, 18, 7, 13);



INSERT INTO Offre_de_stage (debut, rémunération, fin, nombre_places, Date_offre, nombre_like, ID_adresse, ID_entreprise) VALUES 
('2025-01-01', 976.36, '2025-01-01', 10, '2024-09-01', 214, 1, 15),
('2025-01-28', 656.45, '2024-10-28', 1, '2025-01-28', 193, 2, 23),
('2025-02-05', 987.67, '2025-02-05', 5, '2024-11-05', 359, 3, 7),
('2024-11-19', 1163.63, '2025-05-19', 7, '2024-10-19', 822, 4, 12),
('2025-01-30', 440.09, '2025-03-30', 8, '2024-08-30', 784, 5, 4),
('2024-08-15', 958.78, '2025-10-15', 6, '2024-06-15', 922, 6, 29),
('2024-05-22', 524.25, '2025-07-22', 1, '2024-03-22', 517, 7, 14),
('2024-09-26', 354.55, '2025-08-26', 8, '2024-01-26', 637, 8, 49),
('2024-05-13', 1191.37, '2025-03-13', 1, '2023-12-13', 512, 9, 45),
('2024-02-10', 611.77, '2025-08-02', 10, '2024-05-02', 814, 10, 1),
('2024-04-26', 839.64, '2024-07-26', 1, '2024-01-26', 442, 33, 20),
('2024-10-18', 1019.63, '2025-07-18', 8, '2024-05-18', 450, 16, 14),
('2024-12-25', 976.66, '2025-07-25', 7, '2024-09-25', 45, 8, 19),
('2025-01-06', 541.18, '2025-03-06', 4, '2024-10-06', 903, 12, 12),
('2025-03-04', 1078.4, '2025-04-04', 7, '2023-12-04', 586, 19, 7),
('2024-12-29', 662.32, '2025-01-29', 5, '2024-09-29', 164, 20, 39),
('2024-08-30', 715.28, '2024-10-30', 8, '2024-05-30', 552, 11, 14),
('2024-04-20', 438.5, '2024-10-20', 3, '2024-01-20', 477, 30, 36),
('2025-02-23', 1118.63, '2025-07-23', 1, '2024-11-23', 111, 13, 10),
('2024-12-22', 999.12, '2024-12-22', 1, '2024-09-22', 348, 14, 36),
('2024-11-24', 315.9, '2025-04-24', 1, '2024-08-24', 339, 3, 20),
('2024-05-02', 586.56, '2024-11-02', 1, '2024-02-02', 201, 17, 1),
('2024-01-01', 976.36, '2024-01-01', 10, '2024-09-01', 214, 19, 15),
('2025-01-28', 656.45, '2024-10-28', 1, '2025-01-28', 193, 32, 23),
('2025-02-05', 987.67, '2025-02-05', 5, '2024-11-05', 359, 25, 7),
('2024-06-10', 756.96, '2025-03-06', 10, '2024-02-06', 913, 29, 27),
('2024-08-01', 982.24, '2024-11-01', 7, '2024-04-01', 719, 28, 50),
('2025-01-05', 874.72, '2025-01-05', 5, '2024-09-05', 659, 18, 20),
('2024-09-19', 749.07, '2025-02-19', 2, '2024-06-19', 634, 22, 27),
('2024-03-22', 384.0, '2024-08-22', 6, '2023-05-22', 93, 9, 19),
('2024-12-13', 685.9, '2024-09-13', 3, '2023-08-13', 416, 24, 14),
('2024-10-14', 359.77, '2025-02-14', 6, '2024-06-14', 732, 27, 22),
('2025-02-16', 346.93, '2025-04-16', 1, '2024-10-16', 170, 19, 17),
('2024-08-31', 1128.85, '2025-05-31', 6, '2024-07-31', 184, 6, 27),
('2024-11-16', 628.01, '2024-11-16', 7, '2024-06-16', 88, 32, 45),
('2024-05-14', 867.75, '2025-07-14', 2, '2024-03-14', 20, 33, 34),
('2024-06-05', 372.44, '2025-10-05', 5, '2024-02-05', 404, 1, 39),
('2024-06-23', 782.68, '2025-02-23', 10, '2024-03-23', 667, 7, 50),
('2024-04-30', 354.44, '2024-07-30', 8, '2024-01-30', 232, 18, 2),
('2024-03-09', 719.25, '2024-09-09', 10, '2023-12-09', 281, 10, 33),
('2024-05-10', 623.9, '2024-08-10', 2, '2024-02-10', 485, 34, 36),
('2024-11-29', 927.84, '2025-05-29', 6, '2024-08-29', 78, 21, 9),
('2025-02-20', 1159.85, '2025-08-20', 5, '2024-11-20', 620, 22, 3),
('2024-05-02', 853.6, '2024-08-02', 1, '2024-02-02', 261, 17, 13),
('2024-10-25', 645.77, '2025-12-25', 1, '2024-02-25', 330, 14, 36),
('2024-08-16', 1098.92, '2025-04-16', 9, '2024-06-16', 444, 12, 20),
('2024-12-19', 479.18, '2025-04-19', 2, '2024-09-19', 33, 27, 19),
('2024-07-09', 537.82, '2025-10-09', 3, '2024-05-09', 93, 34, 46),
('2024-08-12', 964.13, '2025-05-12', 10, '2024-01-12', 297, 11, 3),
('2024-10-07', 710.29, '2025-10-07', 2, '2024-07-07', 490, 36, 28),
('2024-08-18', 1150.68, '2024-12-18', 10, '2024-01-18', 88, 6, 36),
('2024-11-24', 872.07, '2025-05-24', 4, '2024-09-24', 177, 8, 15),
('2025-02-26', 673.59, '2024-05-26', 5, '2024-11-26', 735, 14, 29),
('2024-03-28', 1154.84, '2025-03-28', 6, '2023-12-28', 494, 13, 16),
('2025-02-15', 946.08, '2024-09-15', 8, '2024-05-15', 681, 36, 4),
('2024-04-25', 629.4, '2025-05-25', 3, '2023-12-25', 207, 10, 11),
('2025-03-19', 891.16, '2025-01-19', 5, '2025-01-19', 239, 29, 32),
('2024-06-13', 1087.05, '2024-06-13', 1, '2024-06-13', 641, 14, 28),
('2024-08-09', 491.96, '2025-08-09', 10, '2024-08-09', 478, 24, 40),
('2025-01-27', 1065.56, '2025-03-27', 5, '2024-01-27', 27, 9, 45);